product_department,product_type
ACCESSORIES,handbags
ACCESSORIES,purses
ACCESSORIES,belts
ACCESSORIES,umbrellas
ACCESSORIES,hats
ACCESSORIES,face coverings
ACCESSORIES,fashion hair accessories
ACCESSORIES,gloves
ACCESSORIES,scarves
ACCESSORIES,jewellery
ACCESSORIES,tech accessories
ACCESSORIES,sunglasses
ACCESSORIES,travel
ACCESSORIES,watches
ACCESSORIES,cosmetics cases
ACCESSORIES,bags
ACCESSORIES,cufflinks & tie clips
ACCESSORIES,ties & pocket squares
ACCESSORIES,wallets
ACCESSORIES,tech
ACCESSORIES,accessories
ACCESSORIES,ski accessories
ACCESSORIES,luggage & suitcases
ACCESSORIES,backpacks & holdalls
ACCESSORIES,travel accessories
BEAUTY,moisturisers
BEAUTY,cleansers
BEAUTY,anti-ageing
BEAUTY,toners
BEAUTY,masks
BEAUTY,eye care
BEAUTY,organic & natural
BEAUTY,serums
BEAUTY,gift sets
BEAUTY,treatments
BEAUTY,mens skincare
BEAUTY,bath & shower
BEAUTY,hand & foot care
BEAUTY,bronzers & sun care
BEAUTY,body sculpting & toning
BEAUTY,mens bath & body
BEAUTY,toothbrushes
BEAUTY,teeth whitening
BEAUTY,face
BEAUTY,eyes
BEAUTY,lips
BEAUTY,makeup sets
BEAUTY,nails
BEAUTY,makeup removers
BEAUTY,womens perfume
BEAUTY,mens cologne
BEAUTY,shampoo & conditioners
BEAUTY,hair oils & treatments
BEAUTY,hair styling & finishing
BEAUTY,hair accessories
BEAUTY,personal care electricals
BEAUTY,mens hair care
BEAUTY,Skincare
BEAUTY,Bodycare
BEAUTY,Haircare
BEAUTY,candles & home fragrance
BEAUTY,candles & fragrance
BEAUTY,gift sets
FOOTWEAR,ankle boots
FOOTWEAR,long boots
FOOTWEAR,flat shoes
FOOTWEAR,heeled shoes
FOOTWEAR,court shoes
FOOTWEAR,espadrilles
FOOTWEAR,pumps
FOOTWEAR,flat sandals
FOOTWEAR,flip flops
FOOTWEAR,heeled sandals
FOOTWEAR,slippers
FOOTWEAR,trainers
FOOTWEAR,boots
FOOTWEAR,casual shoes
FOOTWEAR,formal shoes
FOOTWEAR,sandals
FOOTWEAR,footwear
K&D,barbeque accessories
K&D,pots & pans
K&D,food preparation
K&D,utensils
K&D,cooking & baking
K&D,kitchen fixtures
K&D,kitchen storage
K&D,tableware
K&D,drinkware
K&D,cutlery
K&D,barware & drinks accessories
K&D,electricals
K&D,laundry & ironing
K&D,food & drink
K&D,nutrition supplements
K&D,alcohol
K&D,chocolate & sweets
K&D,gift hampers
K&D,puddings chocolates & sweets
K&D,bbqs & accessories
K&D,outdoor tableware & serveware
K&D,drink
K&D,Dining
K&D,Cookware/bakeware
DEC HOME,garden tools
DEC HOME,outdoor garden lighting
DEC HOME,planters pots & ornaments
DEC HOME,curtains & blinds
DEC HOME,cushions & throws
DEC HOME,rugs
DEC HOME,wall art
DEC HOME,decorative accessories
DEC HOME,stationery
DEC HOME,storage
DEC HOME,pet care
DEC HOME,decorations
DEC HOME,home gifts
DEC HOME,garden gifts
DEC HOME,trees
DEC HOME,lights
DEC HOME,cards & calendars
DEC HOME,home decor
DEC HOME,wreaths & garlands
DEC HOME,outdoor wall & security lights
DEC HOME,portable & party lights
DEC HOME,solar lights
DEC HOME,decorative garden accessories
DEC HOME,outdoor cushions
DEC HOME,pots & planters
DEC HOME,outdoor lanterns
DEC HOME,gardening tools
DEC HOME,Cards & Crackers
DEC HOME,Christmas Decorations
DEC HOME,Gifts
DEC HOME,Interior
FURN,beds
FURN,mattresses
FURN,bookcases shelving units & shelves
FURN,sofas & armchairs
FURN,coffee tables
FURN,side tables
FURN,console tables
FURN,media cabinets
FURN,cabinets & sideboards
FURN,bar chairs & stools
FURN,cots & beds
FURN,seats tables & loungers
FURN,lighting
FURN,mirrors
FURN,garden furniture sets
FURN,garden seating
FURN,garden tables
FURN,sun loungers & swing seats
FURN,parasols & accessories
FURN,garden sheds & workshops
FURN,summerhouses & outbuildings
FURN,gazebos arbours & arches
FURN,garden storage
FURN,patio heaters fire pits & chimineas
FURN,dining tables & chairs
B&B,duvets & pillows
B&B,towels
B&B,bathroom accessories
B&B,bathroom fixtures
B&B,bed accessories
B&B,bed linen
B&B,mattress toppers & protectors
B&B,bath mats
B&B,beach towels
B&B,bedding
B&B,Bath Robes
B&B,Blankets
B&B,Bedroom
B&B,Bathroom
KIDS,baby
KIDS,boys clothing
KIDS,girls clothing
KIDS,baby shoes
KIDS,boys shoes
KIDS,girls shoes
KIDS,games & puzzles
KIDS,baby & toddler toys
KIDS,childrens toys
KIDS,childrens books
KIDS,baby gifts
KIDS,buggies & travel
KIDS,nursery accessories
KIDS,Wooden Toys
KIDS,Babygrows
KIDS,Sleepsuits
KIDS,Outdoor Play
KIDS,Soft Toys
KIDS,Boys
KIDS,Girls Footwear
KIDS,games & puzzles
KIDS,baby & toddler toys
KIDS,childrens toys
KIDS,outdoor toys & games
LINGERIE,bras
LINGERIE,briefs
LINGERIE,bodies
LINGERIE,slips
LINGERIE,nightwear
LINGERIE,shapewear
LINGERIE,suspenders
LINGERIE,socks & tights
LINGERIE,swimwear & beachwear
LINGERIE,Underwear
LINGERIE,Suspender belts
LINGERIE,swimwear
LINGERIE,nightwear
LINGERIE,underwear & socks
LINGERIE,activewear
LINGERIE,sports bras
LINGERIE,leggings
LINGERIE,Sportswear/sports accessories
LINGERIE,sports equipment
RTW,blouses & tops
RTW,coats
RTW,jeans
RTW,dresses
RTW,jackets
RTW,jumpsuits
RTW,knitwear
RTW,leather
RTW,loungewear & onesies
RTW,maternity
RTW,shorts
RTW,skirts
RTW,sweatshirts & fleeces
RTW,shirts
RTW,polo shirts
RTW,suits
RTW,trousers
RTW,t-shirts & vests
RTW,shorts
RTW,sweatshirts & hoodies
RTW,team merchandise
RTW,t-shirts
RTW,track pants
RTW,vests
RTW,ski jackets
RTW,ski trousers
RTW,outerwear
RTW,base layers
RTW,Tops/T-Shirts
RTW,Camisoles/tops
RTW,Blouses/shirts
RTW,Loungewear
OUTLET,null