product_category_path,product_department
Women>Accessories & Handbags>Handbags,ACCESSORIES
Women>Clothing>Dresses,RTW
Home>Bedroom Furniture>Mattresses,FURNITURE
Home>Bed & Bath>Bed Linen,BED & BATH
Women>Clothing>Knitwear,RTW
Women>Clothing>Blouses & Tops,RTW
Women>Lingerie>Swimwear & Beachwear,LINGERIE
Women>Clothing>Jeans,RTW
Women>Accessories & Handbags>Jewellery,ACCESSORIES
Outdoor>Garden Furniture>Garden Furniture Sets,FURNITURE
Women>Clothing>Jackets,RTW
Women>Clothing>Trousers,RTW
Men>Clothing>Jackets,RTW
Men>Clothing>Polo shirts,RTW
Men>Clothing>Jeans,RTW
Women>Clothing>Coats,RTW
Men>Clothing>Knitwear,RTW
Home>Living Room Furniture>Sofas & Armchairs,FURNITURE
Men>Clothing>Sweatshirts & Fleeces,RTW
Women>Accessories & Handbags>Sunglasses,ACCESSORIES
Men>Shoes>Trainers,FOOTWEAR
Men>Clothing>Shirts,RTW
Women>Shoes>Trainers,FOOTWEAR
Women>Shoes>Ankle boots,FOOTWEAR
Home>Bed & Bath>Duvets & Pillows,BED & BATH
Home>Kitchen & Dining>Electricals,K&D
Men>Clothing>Trousers,RTW
Men>Clothing>T-shirts & Vests,RTW
Beauty>Skincare>Gift sets,BEAUTY
Women>Shoes>Flat Sandals,FOOTWEAR
Home>Home Accessories>Candles & Home Fragrance,BEAUTY
Women>Clothing>Sweatshirts & Fleeces,RTW
Sports & Leisure>Womens Clothing>Leggings,LINGERIE
Home>Kitchen & Dining>Drinkware,K&D
Men>Clothing>Coats,RTW
Home>Home Accessories>Rugs,DEC HOME
Men>Clothing>Swimwear,RTW
Women>Clothing>Skirts,RTW
Home>Bed & Bath>Towels,BED & BATH
Women>Accessories & Handbags>Purses,ACCESSORIES
Women>Lingerie>Bras,LINGERIE
Women>Clothing>T-Shirts & Vests,RTW
Home>Home Accessories>Lighting,FURNITURE
Home>Home Accessories>Cushions & Throws,DEC HOME
Men>Clothing>Shorts,RTW
Women>Accessories & Handbags>Travel,ACCESSORIES
Home>Kitchen & Dining>Food Preparation,K&D
Home>Kitchen & Dining>Tableware,K&D
Women>Shoes>Heeled Sandals,FOOTWEAR
Men>Shoes>Boots,FOOTWEAR
Beauty>Body Care>Bath & Shower,BEAUTY
Women>Shoes>Long boots,FOOTWEAR
Women>Shoes>Flat Shoes,FOOTWEAR
Home>Bedroom Furniture>Beds,FURNITURE
Home>Home Accessories>Wall Art,DEC HOME
Men>Shoes>Formal Shoes,FOOTWEAR
Home>Kitchen & Dining>Pots & Pans,K&D
Home>Kitchen & Dining>Kitchen Storage,K&D
Women>Clothing>Jumpsuits,RTW
Home>Bed & Bath>Mattress Toppers & Protectors,BED & BATH
Home>Home Accessories>Decorative Accessories,DEC HOME
Sports & Leisure>Leisure & Travel>Luggage & Suitcases,ACCESSORIES
Men>Clothing>Underwear & Socks,RTW
Outdoor>Garden Furniture>Garden Seating,FURNITURE
Women>Accessories & Handbags>Scarves,ACCESSORIES
Outdoor>Outdoor Accessories>Decorative Garden Accessories,DEC HOME
Men>Accessories>Watches,ACCESSORIES
Outdoor>Outdoor Accessories>Pots & Planters,DEC HOME
Women>Lingerie>Nightwear,LINGERIE
Women>Accessories & Handbags>Watches,ACCESSORIES
Men>Accessories>Sunglasses,ACCESSORIES
Beauty>Body Care>Bronzers & Sun Care,BEAUTY
Women>Clothing>Leather,RTW
Women>Clothing>Activewear,RTW
Home>Kitchen & Dining>Cooking & Baking,K&D
Outdoor>Outdoor Cooking & Heating>BBQs & Accessories,K&D
Beauty>Skincare>Moisturisers,BEAUTY
Outdoor>Garden Furniture>Parasols & Accessories,FURNITURE
Women>Shoes>Slippers,FOOTWEAR
Men>Clothing>Suits,RTW
Women>Shoes>Espadrilles,FOOTWEAR
Men>Shoes>Casual Shoes,FOOTWEAR
Women>Lingerie>Briefs,LINGERIE
Beauty>Fragrance>Womens Perfume,BEAUTY
Sports & Leisure>Womens Clothing>Base Layers,LINGERIE
Women>Clothing>Shorts,RTW
Women>Shoes>Court shoes,FOOTWEAR
Outdoor>Outdoor Lighting>Solar Lights,FURNITURE
Outdoor>Outdoor Accessories>Outdoor Cushions,DEC HOME
Beauty>Hair Care & Styling>Shampoo & Conditioners,BEAUTY
Home>Kitchen & Dining>Utensils,K&D
Beauty>Skincare>Treatments,BEAUTY
Home>Living Room Furniture>Side Tables,FURNITURE
Outdoor>Garden Furniture>Sun Loungers & Swing Seats,FURNITURE
Men>Accessories>Bags,ACCESSORIES
Beauty>Skincare>Serums,BEAUTY
Men>Accessories>Jewellery,ACCESSORIES
Beauty>Makeup>Face,BEAUTY
Beauty>Hair Care & Styling>Hair Oils & Treatments,BEAUTY
Home>Bed & Bath>Bed Accessories,BED & BATH
Women>Accessories & Handbags>Hats,ACCESSORIES
Home>Kitchen & Dining>Laundry & Ironing,K&D
Outdoor>Outdoor Accessories>Gardening Tools,DEC HOME
Outdoor>Garden Buildings & Storage>Summerhouses & Outbuildings,FURNITURE
Kids>Clothing>T-Shirts & Vests,KIDS
Home>Bed & Bath>Bathroom Accessories,BED & BATH
Men>Clothing>Leather,RTW
Home>Kitchen & Dining>Cutlery,K&D
Beauty>Skincare>Cleansers,BEAUTY
Beauty>Hair Care & Styling>Personal Care Electricals,BEAUTY
Women>Shoes>Flip Flops,FOOTWEAR
Men>Clothing>Nightwear,RTW
Home>Living Room Furniture>Cabinets & Sideboards,FURNITURE
Beauty>Skincare>Eye Care,BEAUTY
Home>Home Accessories>Curtains & Blinds,DEC HOME
Home>Dining Room Furniture>Dining Tables & Chairs,FURNITURE
Women>Shoes>Heeled Shoes,FOOTWEAR
Kids>Clothing>Sweatshirts & Hoodies,KIDS
Beauty>Body Care>Hand & Foot Care,BEAUTY
Women>Clothing>Swimwear & Beachwear,RTW
Kids>Games & Toys>Childrens Toys,DEC HOME
Home>Bed & Bath>Bath Robes,BED & BATH
Men>Accessories>Wallets,ACCESSORIES
Sports & Leisure>Womens Clothing>Vests,LINGERIE
Kids>Clothing>Trousers,KIDS
Home>Bed & Bath>Beach Towels,BED & BATH
Men>Shoes>Sandals,FOOTWEAR
Kids>Shoes>Boys Shoes,KIDS
Men>Accessories>Hats,ACCESSORIES
Women>Accessories & Handbags>Belts,ACCESSORIES
Kids>Clothing>Dresses,KIDS
Home>Home Accessories>Mirrors,FURNITURE
Home>Home Accessories>Stationery,DEC HOME
Beauty>Skincare>Masks,BEAUTY
Home>Home Accessories>Pet Care,DEC HOME
Women>Lingerie>Socks & Tights,LINGERIE
Sports & Leisure>Womens Clothing>Shorts,LINGERIE
Kids>Games & Toys>Outdoor Play,DEC HOME
Kids>Clothing>Polo shirts,KIDS
Home>Living Room Furniture>Coffee Tables,FURNITURE
Kids>Clothing>Baby,KIDS
Women>Accessories & Handbags>Gloves,ACCESSORIES
Home>Kitchen & Dining>Kitchen Fixtures,K&D
Sports & Leisure>Womens Clothing>T-Shirts,LINGERIE
Beauty>Makeup>Eyes,BEAUTY
Kids>Clothing>Knitwear,KIDS
Outdoor>Garden Buildings & Storage>Garden Storage,FURNITURE
Men>Accessories>Belts,ACCESSORIES
Sports & Leisure>Womens Clothing>Track Pants,LINGERIE
Kids>Clothing>Swimwear & Beachwear,KIDS
Kids>Clothing>Shorts,KIDS
Men>Clothing>Activewear,RTW
Women>Accessories & Handbags>Tech Accessories,ACCESSORIES
Sports & Leisure>Womens Clothing>Outerwear,LINGERIE
Kids>Clothing>Boys Clothing,KIDS
Home>Living Room Furniture>Console Tables,FURNITURE
Kids>Shoes>Girls Shoes,KIDS
Women>Lingerie>Shapewear,LINGERIE
Outdoor>Outdoor Lighting>Outdoor Wall & Security Lights,FURNITURE
Women>Accessories & Handbags>Cosmetics Cases,ACCESSORIES
Outdoor>Garden Buildings & Storage>Garden Sheds & Workshops,FURNITURE
Beauty>Hair Care & Styling>Hair Accessories,BEAUTY
Outdoor>Outdoor Accessories>Outdoor Toys & Games,DEC HOME
Kids>Clothing>Coats,KIDS
Home>Bed & Bath>Bathroom Fixtures,BED & BATH
Home>Kitchen Furniture>Bar Chairs & Stools,FURNITURE
Women>Accessories & Handbags>Umbrellas,ACCESSORIES
Outdoor>Outdoor Accessories>Outdoor Lanterns,FURNITURE
Men>Shoes>Flip flops,FOOTWEAR
Men>Accessories>Ties & Pocket Squares,ACCESSORIES
Kids>Clothing>Sweatshirts & Fleeces,KIDS
Men>Accessories>Scarves,ACCESSORIES
Beauty>Skincare>Anti-Ageing,BEAUTY
Kids>Clothing>Jackets,KIDS
Women>Shoes>Pumps,FOOTWEAR
Sports & Leisure>Sport Accessories>Sports Equipment,ACCESSORIES
Sports & Leisure>Leisure & Travel>Backpacks & Holdalls,ACCESSORIES
Beauty>Makeup>Makeup Sets,BEAUTY
Kids>Shoes>Baby Shoes,KIDS
Beauty>Skincare>Toners,BEAUTY
Sports & Leisure>Womens Clothing>Sweatshirts & Hoodies,LINGERIE
Beauty>Body Care>Body Sculpting & Toning,BEAUTY
Men>Clothing>Loungewear & Onesies,RTW
Outdoor>Outdoor Cooking & Heating>Outdoor Tableware & Serveware,K&D
Beauty>Fragrance>Mens Cologne,BEAUTY
Women>Clothing>Loungewear & Onesies,RTW
Kids>Games & Toys>Wooden Toys,DEC HOME
Christmas>Christmas Accessories>Decorations,DEC HOME
Christmas>Christmas Accessories>Cards & Calendars,DEC HOME
Men>Accessories>Travel,ACCESSORIES
Men>Accessories>Gloves,ACCESSORIES
Men>Shoes>Slippers,FOOTWEAR
Beauty>Makeup>Lips,BEAUTY
Outdoor>Garden Furniture>Garden Tables,FURNITURE
Women>Lingerie>Bodies,LINGERIE
Women>Accessories & Handbags>Fashion Hair Accessories,ACCESSORIES
Kids>Clothing>Nightwear,KIDS
Kids>Clothing>Girls Clothing,KIDS
Beauty>Makeup>Accessories,BEAUTY
Kids>Games & Toys>Games & Puzzles,DEC HOME
Men>Accessories>Cufflinks & Tie Clips,ACCESSORIES
Home>Kitchen & Dining>Food & Drink,K&D
Women>Handbags>Shoulder,ACCESSORIES
Women>Lingerie>Slips,LINGERIE
Beauty>Skincare>Mens Skincare,BEAUTY
Christmas>Christmas Accessories>Wreaths & Garlands,DEC HOME
Christmas>Christmas Trees & Lights>Trees,DEC HOME
Kids>Clothing>Accessories,KIDS
Christmas>Christmas Accessories>Bedding,BED & BATH
Sports & Leisure>Womens Clothing>Accessories,ACCESSORIES
Kids>Clothing>Underwear & Socks,KIDS
Kids>Nursery & Prams>Nursery Accessories,KIDS
Kids>Clothing>Skirts,KIDS
Home>Bed & Bath>Bath Mats,BED & BATH
Sports & Leisure>Skiwear>Ski Jackets,LINGERIE
Sports & Leisure>Mens Clothing>Track Pants,LINGERIE
Christmas>Christmas Trees & Lights>Lights,DEC HOME
Women>Outerwear>Coats,RTW
Sports & Leisure>Mens Clothing>Sweatshirts & Hoodies,LINGERIE
Men>Accessories>Umbrellas,ACCESSORIES
Home>Home Accessories>Storage,DEC HOME
Sports & Leisure>Mens Clothing>T-Shirts,LINGERIE
Women>Outerwear>Jackets/Gilets/Waistcoats,RTW
Outdoor>Ourdoor-Accessories>Decorative-Garden-Accessories,DEC HOME
Kids>Nursery & Prams>Babygrows,KIDS
Sports & Leisure>Skiwear>Ski Trousers,LINGERIE
Women>Accessories>Scarves/Snoods,ACCESSORIES
Sports & Leisure>Mens Clothing>Shorts,LINGERIE
Women>Lingerie>Suspenders,LINGERIE
Home>Kitchen & Dining>Barware & Drinks Accessories,K&D
Kids>Clothing>Ski Accessories,KIDS
Women>Accessories & Handbags>Cosmetic Cases,ACCESSORIES
Sports & Leisure>Mens Clothing>Outerwear,LINGERIE
Sports & Leisure>Mens Clothing>Base Layers,LINGERIE
Women>Accessories & Handbags>Face Coverings,ACCESSORIES
Sports & Leisure>Sport Accessories>Team Merchandise,LINGERIE
Beauty>Makeup>Nails,BEAUTY
Kids>Clothing>Ski Trousers,KIDS
Women>Dresses>Short dresses,RTW
Men>Accessories>Tech,ACCESSORIES
Women>Skirts>Short skirts,RTW
Christmas>Christmas Accessories>Home Decor,DEC HOME
Sports & Leisure>Leisure & Travel>Travel Accessories,ACCESSORIES
Kids>Games & Toys>Childrens Books,DEC HOME
Women>Accessories>Gloves,ACCESSORIES
"Outdoor>Outdoor Cooking & Heating>Patio Heaters, Fire Pits & Chimineas",FURNITURE
Women>Outerwear>Leather/Suede jackets/Coats,RTW
Women>Trousers>Casual trousers,RTW
Lingerie>Hosiery>Tights,LINGERIE
Gifts>Gifts For Her>Gift Sets,BEAUTY
Women>Dresses>Midi dresses,RTW
Beauty>Hair Care & Styling>Hair StylingÂ & Finishing,BEAUTY
Sports & Leisure>Mens Clothing>Polo Shirts,LINGERIE
Women>Knitwear>Jumpers,RTW
Gifts>Gifts For Her>Clothing & Accessories,ACCESSORIES
Kids>Clothing>Ski Jackets,KIDS
Women>Tops/T-Shirts>Long sleeves,RTW
Women>Jeans>Straight leg,RTW
Women>Outerwear>Jackets,RTW
Home>Cookware/Bakeware>Cooking/Baking accessories,K&D
Women>Accessories>Phone/Laptops covers,ACCESSORIES
Sports & Leisure>Mens Clothing>Vests,LINGERIE
Beauty>Makeup>Makeup Removers,BEAUTY
Men>Suits>Jackets,RTW
Home>Christmas Decorations>Hanging decorations,DEC HOME
Outdoor>Outdoor Lighting>Portable & Party Lights,FURNITURE
Women>Jeans>Flared,RTW
Kids>Clothing>Shirts,KIDS
Christmas>Christmas Accessories>Cards & Crackers,DEC HOME
Women>Accessories>Watches,ACCESSORIES
Women>Accessories>Jewellery,ACCESSORIES
Lingerie>Nightwear>Pyjama tops,LINGERIE
Sports & Leisure>Skiwear>Ski Accessories,LINGERIE
Men>Footwear>Slippers,FOOTWEAR
Women>Tops/T-Shirts>Short sleeves,RTW
Gifts>Games & Toys>Childrens Toys,DEC HOME
Beauty>Skincare>Organic & Natural,BEAUTY
Kids>Girls Footwear>Smart shoes,KIDS
Gifts>Games & Toys>Baby & Toddler Toys,DEC HOME
Kids>Nursery & Prams>Baby Gifts,KIDS
Women>Accessories>Travel bags/Accessories,ACCESSORIES
Gifts>Home & Garden Gifts>Home Gifts,DEC HOME
Men>Shirts>Casual short sleeve shirts,RTW
Beauty>Skincare>Eye cream/Serums/Oils,BEAUTY
Home>Bedroom>Bed linen,BED & BATH
Kids>Girls Footwear>Casual shoes,KIDS
Women>Tops/T-Shirts>Sleeveless,RTW
Lingerie>Swimwear>Bikini tops,LINGERIE
Home>Gifts>Teens selection,DEC HOME
Lingerie>Camisoles/Tops>,LINGERIE
Kids>Games & Toys>Baby & Toddler Toys,DEC HOME
Kids>Nursery & Prams>Sleepsuits,KIDS
Outdoor>Outdoor-Accessories>Outdoor-Cushions,DEC HOME
Kids>Games & Toys>Soft Toys,DEC HOME
Women>Dresses>Maxi dresses,RTW
Beauty>Haircare>Shampoo/Conditioners,BEAUTY
Beauty>Body Care>Mens Bath & Body,BEAUTY
Beauty>Oral Care>Teeth Whitening,BEAUTY
Sports & Leisure>Skiwear>Base Layers,LINGERIE
Women>Accessories>Sunglasses,ACCESSORIES
Women>Knitwear>Cardigans,RTW
Women>Handbags>Weekend,ACCESSORIES
Women>Accessories>Purse,ACCESSORIES
Men>Footwear>Casual shoes,FOOTWEAR
Home>Home Office Furniture>Cabinets & Sideboards,FURNITURE
Home>Dining>Glassware,K&D
Women>Handbags>Shopper,ACCESSORIES
Beauty>Skincare>Moisturises,BEAUTY
Women>Outerwear>Waterproof jackets/Coats,RTW
Men>Outerwear>Padded jackets/Coats,RTW
Men>Tops/T-Shirts>Short sleeve polo shirts,RTW
Women>Footwear>Trainers,FOOTWEAR
Home>Bathroom>Bath linen,BED & BATH
Women>Footwear>Flats,FOOTWEAR
Women>Handbags>Hobo,ACCESSORIES
Home>Bedroom>Duvets/Pillows/Cushions,BED & BATH
Home>Dining>Crockery,K&D
Home>Interior>Cushions/blankets/curtains,DEC HOME
Men>Accessories>Ties,ACCESSORIES
Men>Outerwear>Trenchcoats/Macs,RTW
Home>Garden Accessories>Outdoor Garden Lighting,DEC HOME
Home>Outdoor>Decorative Items,DEC HOME
Sports & Leisure>Womens Clothing>Polo Shirts,LINGERIE
Women>Knitwear>Sleeveless,RTW
Home>Kitchen Furniture>Cabinets & Sideboards,FURNITURE
Women>Footwear>Slippers,FOOTWEAR
Women>Footwear>Long boots,FOOTWEAR
Women>Skirts>Long skirts,RTW
Women>Knitwear>Shrugs,RTW
Women>Shoes>Boots,FOOTWEAR
Women>Knitwear>Dresses,RTW
Home>Interior>Decorative Items,DEC HOME
Men>Tops/T-Shirts>Short sleeves,RTW
Men>Footwear>Trainers,FOOTWEAR
Home>Food preparation>Storage,K&D
Men>Footwear>Formal shoes,FOOTWEAR
Kids>Nursery & Prams>Buggies & Travel,KIDS
Men>Underwear>Briefs,LINGERIE
Kids>Nursery & Prams>Blankets,KIDS
Kids>Nursery Prams>Nursery Accessories,KIDS
Home>Gifts>Pet accessories,DEC HOME
Women>Blouses/Shirts>Long sleeves,RTW
Lingerie>Swimwear>Swimsuits,LINGERIE
Home>Dining>Cups/Mugs/Saucers,K&D
Women>Jeans>Skinny,RTW
Home>Cookware/Bakeware>Baking Trays,K&D
Home>Christmas Decorations>Figurines/Table pieces,DEC HOME
Home>Christmas Decorations>Wreathes/Door decorations/Trees,DEC HOME
Lingerie>Swimwear>Bikini briefs,LINGERIE
Kids>Boys>Shorts,KIDS
Lingerie>Nightwear>Pyjama pants,LINGERIE
Women>Footwear>Heels,FOOTWEAR
Men>Underwear>Boxer shorts,LINGERIE
Men>Outerwear>Leather/Suede jackets/Coats,RTW
Lingerie>Suspender belts>,LINGERIE
Home>Cookware/Bakeware>Saucepans/Frying pans,K&D
Women>Jeans>Boyfriend,RTW
Beauty>Hair Care & Styling>Mens Hair Care,BEAUTY
Christmas>Christmas Gifts>Novelty Gifts,DEC HOME
Home>Food preparation>Chopping Boards,K&D
Home>Food preparation>Utensils,K&D
Women>Tops/T-Shirts>Vests,RTW
"Outdoor>Garden Buildings & Storage>Gazebos, Arbours & Arches",FURNITURE
Home>Outdoor>Lighting,FURNITURE
Men>Sportswear/sports accessories>Ski-wear,RTW
Sports & Leisure>Mens Clothing>Accessories,ACCESSORIES
Christmas>Christmas Food & Drink>Puddings Chocolates & Sweets,K&D
Men>Shoes>Flat Sandals,FOOTWEAR
Women>Clothing>Lingerie,LINGERIE
Home>Small appliances>Kettles,K&D
Kids>Nursery & Prams>Feeding & Changing,KIDS
Men>Knitwear>Jumpers,RTW
Home>Home Office Furniture>Console Tables,FURNITURE
Christmas>Christmas Food & Drink>Drink,K&D
Kids>Boys Footwear>Casual shoes,KIDS
Home>Garden Accessories>Planters Pots & Ornaments,DEC HOME
Women>Sportswear/Sports accessories>Ski-wear,RTW
Kids>Baby>Shoes,KIDS
Home>Garden Furniture>Seats Tables & Loungers,FURNITURE
Home>Garden Accessories>Garden Tools,DEC HOME
Home>Garden Accessories>Barbeque Accessories,K&D
Home>Home Office Furniture>Coffee Tables,FURNITURE
Kids>Baby>Tops/T-Shirts,KIDS
Men>Shirts>Casual long sleeve shirts,RTW
Women>Fleeces/Sweatshirts/Sweat jackets>Long sleeves,RTW
Women>Footwear>Ankle boots,FOOTWEAR
Men>Trousers>Casual trousers,RTW
Men>Outerwear>Jackets/Gilets/Waistcoats,RTW
Women>Shorts>Short shorts,RTW
womens>Clothing>Coats,RTW
Home>Interior>Candles,BEAUTY
Lingerie>Swimwear>Dresses/Kaftans/Sarongs,LINGERIE
Women>Trousers>Leggings,RTW
Men>Shoes>Flat Shoes,FOOTWEAR
Women>Handbags>Across Body,ACCESSORIES
Men>Shirts>Formal long sleeve shirts,RTW
Women>Jeans>Slim leg,RTW
Women>Playsuits/Jumpsuits>Sleeveless,RTW
Men>Jeans>Slim leg,RTW
Women>Accessories>Hats/Ear muffs,ACCESSORIES
Women>Footwear>Pumps,FOOTWEAR
Kids>Girls Footwear>Sandals/Mules,KIDS
Kids>Baby>Jog pants,KIDS
Women>Sportswear/Sports accessories>T-shirts/Vests,RTW
Home>Interior>Lighting,FURNITURE
Kids>Baby>Dresses,KIDS
Lingerie>Bras>Non-wired bras,LINGERIE
Kids>Baby>Knitwear,KIDS
Women>Dresses>Tunics,RTW
Home>Dining>Serveware,K&D
Women>Jeans>Jeggings,RTW
Kids>Girls>Shorts,KIDS
Men>Footwear>Boots,FOOTWEAR
Lingerie>Bras>Contour bras,LINGERIE
Kids>Girls>Tops/T-Shirts,KIDS
Home>Home Office Furniture>Side Tables,FURNITURE
Kids>Boys>Tops/T-Shirts,KIDS
Women>Handbags>Clutch,ACCESSORIES
Men>Sportswear/Sports accessories>Ski-wear,RTW
Kids>Girls>Outerwear,KIDS
Women>Footwear>Sandals,FOOTWEAR
Men>Accessories>Travel bags/Accessories,ACCESSORIES
Men>Outerwear>Coats,RTW
Home>Outdoor>Camping/accessories,DEC HOME
Home>Christmas Decorations>Lights,DEC HOME
Women>Outerwear>Padded jackets/Coats,RTW
Men>Trousers>Formal trousers,RTW
Women>Trousers>Formal trousers,RTW
Kids>Girls>Nightwear,KIDS
Women>Outerwear>Trenchcoats/Macs,RTW
Women>Playsuits/Jumpsuits>Short sleeves,RTW
Home>Laundry/Cleaning accessories>Irons/Ironing boards,K&D
Men>Suits>Blazers,RTW
Women>Accessories>Belts,ACCESSORIES
Men>Shorts>Shorts,RTW
Kids>Girls Footwear>Boots,KIDS
Kids>Boys Footwear>Sports shoes,KIDS
Home>Interior>Furniture,FURNITURE
Women>Fleeces/Sweatshirts/Sweat jackets>Hooded,RTW
Lingerie>Bras>Sports bras,LINGERIE
Women>Playsuits/Jumpsuits>Long sleeves,RTW
Outlet>Home>Christmas Decorations,DEC HOME
Home>Laundry/Cleaning accessories>Cleaning products/Accessories,K&D
Women>Sportswear/Sports accessories>Sweatshirts,RTW
Home>Laundry/Cleaning accessories>Bins,K&D
Home>Small appliances>Coffee makers,K&D
Home>Small appliances>Blenders,K&D
Men>Accessories>Socks,LINGERIE
Home>Small appliances>Food mixers,K&D
Home>Home Office Furniture>Sofas & Armchairs,FURNITURE
Women>Onesies>Onesies,RTW
Kids>Girls>Trousers,KIDS
Lingerie>Bras>Underwired bras,LINGERIE
Women>Footwear>Courts,FOOTWEAR
Women>Fleeces/Sweatshirts/Sweat jackets>Short sleeves,RTW
Men>Swimwear>Swim shorts,LINGERIE
Lingerie>Nightwear>Pyjama sets,LINGERIE
Men>Suits>Waistcoats,RTW
Beauty>Bodycare>Lotions,BEAUTY
Women>Sportswear/Sports accessories>Yoga,LINGERIE
Kids>Baby>All in Ones,KIDS
Lingerie>Shorts>,LINGERIE
Lingerie>Loungewear>Tops/T-Shirts,LINGERIE
Kids>Boys>Trousers,KIDS
Kids>Girls>Dresses,KIDS
Home>Interior>Mats/Rugs,DEC HOME
Men>Outerwear>Waterproof jackets/Coats,RTW
Lingerie>Bras>Balcony bras,LINGERIE
Kids>Girls>Accessories,KIDS
Lingerie>Bras>Plunge bras,LINGERIE
Kids>Boys>Accessories,KIDS
Men>Jeans>Straight leg,RTW
Kids>Boys Footwear>Sandals/Mules,KIDS
Lingerie>Bras>Push-up bras,LINGERIE
Women>Trousers>Capri pants,RTW
Lingerie>Hosiery>Socks,LINGERIE
Men>Suits>Trousers,RTW
Lingerie>Basques/Corsets>,LINGERIE
Men>Tops/T-Shirts>Long sleeve polo shirts,RTW
Kids>Boys>Outerwear,KIDS
Lingerie>Bras>Padded bras,LINGERIE
Beauty>Bodycare>Bath/Shower/Soaps,BEAUTY
Lingerie>Nightwear>Nightdresses,LINGERIE
Kids>Boys>Sweatshirts,KIDS
Kids>Baby>Accessories,KIDS
Women>Jeans>Bootcut,RTW
Kids>Boys Footwear>Boots,KIDS
Women>Blouses/shirts,RTW
Men>Fleeces/Sweatshirts/Sweat jackets>Long sleeves,RTW
Men>Tops/T-Shirts>Long sleeves,RTW
Women>Clothing>Long sleeves,RTW
Lingerie>Nightwear>Dressing gowns,LINGERIE
Men>Accessories>Phone/Laptop cases,ACCESSORIES
Kids>Boys>Polo Shirts,KIDS
Women>Tops/T-Shirts>Polo shirts,RTW
Men>Footwear>Sandals/Flip Flops,FOOTWEAR
Women>Sportswear/Sports accessories>Jog pants,RTW
Women>Dresses>Occasionwear,RTW
Home>Christmas Decorations>Garlands,DEC HOME
Home>Bathroom>Bathroom accessories/Storage,B&B
Women>Shorts>Mid length shorts,RTW
Kids>Girls>Sportswear,KIDS
Women>Footwear>Flip Flops,FOOTWEAR
Home>Interior>Diffusers,BEAUTY
Women>Blouses/Shirts>Short sleeves,RTW
Lingerie>Thongs>,LINGERIE
Home>Gifts>Writing/Stationary,DEC HOME
Kids>Boys>Nightwear,KIDS
Home>Interior>Storage,DEC HOME
Kids>Boys>Knitwear,KIDS
Lingerie>Shapewear>Bodysuits,LINGERIE
Men>Onesies>Onesies,RTW
Home>Christmas Decorations>Candle holders/Lanterns,DEC HOME
Beauty>Make-up/Nails>Foundation/Concealers,BEAUTY
Women>Footwear>Occasion,FOOTWEAR
Lingerie>Bras>Unpadded bras,LINGERIE
Home>Bathroom>Bathroom accessories/storage,B&B
Men>Knitwear>Cardigans,RTW
Kids>Girls>Sweatshirts,KIDS
Gifts>Games & Toys>Games & Puzzles,DEC HOME
Kids>Girls>Knitwear,KIDS
Kids>Baby>Matching sets,KIDS
Home>Laundry/Cleaning accessories>Tea towels,K&D
Men>Fleeces/Sweatshirts/Sweat jackets>Hooded,RTW
Beauty>Make-up/Nails>Nail Polish,BEAUTY
Kids>Baby>Coats/Jackets,KIDS
Beauty>Bodycare>Scrubs,BEAUTY
Home>Cookware/Bakeware>Slow cookers/Casseroles,K&D
Women>Accessories>Credit Card Holder,ACCESSORIES
Kids>Boys>Shirts,KIDS
Beauty>Gifts>Gift sets,BEAUTY
Lingerie>Nightwear>Nightshirts,LINGERIE
Men>Shirts>Formal short sleeve shirts,RTW
Beauty>Make-up/Nails>Eyeshadow,BEAUTY
Women>Handbags>Satchel,ACCESSORIES
Home>Laundry/Cleaning accessories>Laundry accessories,K&D
Home>Dining>Table linen,K&D
Lingerie>Swimwear>Bikini sets,LINGERIE
Men>Underwear>Vests,RTW
Kids>Boys>Sportswear,KIDS
Men>Accessories>Hats/Ear muffs,ACCESSORIES
Beauty>Make-up/Nails>Mascara/Eye liners,BEAUTY
Home>Dining>Cocktail/Wine,K&D
Kids>Girls Footwear>Sports shoes,KIDS
Home>Dining>Salt/Pepper pots,K&D
Beauty>Fragrance>Mens perfume,BEAUTY
Home>Food preparation>Graters,K&D
Kids>Toys>Boardgames/Puzzles/Creative games,DEC HOME
Home>Food preparation>Knives,K&D
Home>Christmas>Decorations,DEC HOME
Kids>Baby>Sleeping suits,KIDS
Kids>Toys>Wooden toys,DEC HOME
Women>Sportswear/Sports accessories>Jackets,RTW
Kids>Baby>Sweatshirts,KIDS